[
  {
    "model": "auth.permission",
    "pk": 1,
    "fields": {
      "name": "Can add log entry",
      "content_type": 1,
      "codename": "add_logentry"
    }
  },
  {
    "model": "auth.permission",
    "pk": 2,
    "fields": {
      "name": "Can change log entry",
      "content_type": 1,
      "codename": "change_logentry"
    }
  },
  {
    "model": "auth.permission",
    "pk": 3,
    "fields": {
      "name": "Can delete log entry",
      "content_type": 1,
      "codename": "delete_logentry"
    }
  },
  {
    "model": "auth.permission",
    "pk": 4,
    "fields": {
      "name": "Can view log entry",
      "content_type": 1,
      "codename": "view_logentry"
    }
  },
  {
    "model": "auth.permission",
    "pk": 5,
    "fields": {
      "name": "Can add permission",
      "content_type": 2,
      "codename": "add_permission"
    }
  },
  {
    "model": "auth.permission",
    "pk": 6,
    "fields": {
      "name": "Can change permission",
      "content_type": 2,
      "codename": "change_permission"
    }
  },
  {
    "model": "auth.permission",
    "pk": 7,
    "fields": {
      "name": "Can delete permission",
      "content_type": 2,
      "codename": "delete_permission"
    }
  },
  {
    "model": "auth.permission",
    "pk": 8,
    "fields": {
      "name": "Can view permission",
      "content_type": 2,
      "codename": "view_permission"
    }
  },
  {
    "model": "auth.permission",
    "pk": 9,
    "fields": {
      "name": "Can add group",
      "content_type": 3,
      "codename": "add_group"
    }
  },
  {
    "model": "auth.permission",
    "pk": 10,
    "fields": {
      "name": "Can change group",
      "content_type": 3,
      "codename": "change_group"
    }
  },
  {
    "model": "auth.permission",
    "pk": 11,
    "fields": {
      "name": "Can delete group",
      "content_type": 3,
      "codename": "delete_group"
    }
  },
  {
    "model": "auth.permission",
    "pk": 12,
    "fields": {
      "name": "Can view group",
      "content_type": 3,
      "codename": "view_group"
    }
  },
  {
    "model": "auth.permission",
    "pk": 13,
    "fields": {
      "name": "Can add user",
      "content_type": 4,
      "codename": "add_user"
    }
  },
  {
    "model": "auth.permission",
    "pk": 14,
    "fields": {
      "name": "Can change user",
      "content_type": 4,
      "codename": "change_user"
    }
  },
  {
    "model": "auth.permission",
    "pk": 15,
    "fields": {
      "name": "Can delete user",
      "content_type": 4,
      "codename": "delete_user"
    }
  },
  {
    "model": "auth.permission",
    "pk": 16,
    "fields": {
      "name": "Can view user",
      "content_type": 4,
      "codename": "view_user"
    }
  },
  {
    "model": "auth.permission",
    "pk": 17,
    "fields": {
      "name": "Can add content type",
      "content_type": 5,
      "codename": "add_contenttype"
    }
  },
  {
    "model": "auth.permission",
    "pk": 18,
    "fields": {
      "name": "Can change content type",
      "content_type": 5,
      "codename": "change_contenttype"
    }
  },
  {
    "model": "auth.permission",
    "pk": 19,
    "fields": {
      "name": "Can delete content type",
      "content_type": 5,
      "codename": "delete_contenttype"
    }
  },
  {
    "model": "auth.permission",
    "pk": 20,
    "fields": {
      "name": "Can view content type",
      "content_type": 5,
      "codename": "view_contenttype"
    }
  },
  {
    "model": "auth.permission",
    "pk": 21,
    "fields": {
      "name": "Can add session",
      "content_type": 6,
      "codename": "add_session"
    }
  },
  {
    "model": "auth.permission",
    "pk": 22,
    "fields": {
      "name": "Can change session",
      "content_type": 6,
      "codename": "change_session"
    }
  },
  {
    "model": "auth.permission",
    "pk": 23,
    "fields": {
      "name": "Can delete session",
      "content_type": 6,
      "codename": "delete_session"
    }
  },
  {
    "model": "auth.permission",
    "pk": 24,
    "fields": {
      "name": "Can view session",
      "content_type": 6,
      "codename": "view_session"
    }
  },
  {
    "model": "auth.permission",
    "pk": 25,
    "fields": {
      "name": "Can add company",
      "content_type": 7,
      "codename": "add_company"
    }
  },
  {
    "model": "auth.permission",
    "pk": 26,
    "fields": {
      "name": "Can change company",
      "content_type": 7,
      "codename": "change_company"
    }
  },
  {
    "model": "auth.permission",
    "pk": 27,
    "fields": {
      "name": "Can delete company",
      "content_type": 7,
      "codename": "delete_company"
    }
  },
  {
    "model": "auth.permission",
    "pk": 28,
    "fields": {
      "name": "Can view company",
      "content_type": 7,
      "codename": "view_company"
    }
  },
  {
    "model": "auth.permission",
    "pk": 29,
    "fields": {
      "name": "Can add complex",
      "content_type": 8,
      "codename": "add_complex"
    }
  },
  {
    "model": "auth.permission",
    "pk": 30,
    "fields": {
      "name": "Can change complex",
      "content_type": 8,
      "codename": "change_complex"
    }
  },
  {
    "model": "auth.permission",
    "pk": 31,
    "fields": {
      "name": "Can delete complex",
      "content_type": 8,
      "codename": "delete_complex"
    }
  },
  {
    "model": "auth.permission",
    "pk": 32,
    "fields": {
      "name": "Can view complex",
      "content_type": 8,
      "codename": "view_complex"
    }
  },
  {
    "model": "auth.permission",
    "pk": 33,
    "fields": {
      "name": "Can add complex image",
      "content_type": 9,
      "codename": "add_compleximage"
    }
  },
  {
    "model": "auth.permission",
    "pk": 34,
    "fields": {
      "name": "Can change complex image",
      "content_type": 9,
      "codename": "change_compleximage"
    }
  },
  {
    "model": "auth.permission",
    "pk": 35,
    "fields": {
      "name": "Can delete complex image",
      "content_type": 9,
      "codename": "delete_compleximage"
    }
  },
  {
    "model": "auth.permission",
    "pk": 36,
    "fields": {
      "name": "Can view complex image",
      "content_type": 9,
      "codename": "view_compleximage"
    }
  },
  {
    "model": "auth.permission",
    "pk": 37,
    "fields": {
      "name": "Can add apartment",
      "content_type": 10,
      "codename": "add_apartment"
    }
  },
  {
    "model": "auth.permission",
    "pk": 38,
    "fields": {
      "name": "Can change apartment",
      "content_type": 10,
      "codename": "change_apartment"
    }
  },
  {
    "model": "auth.permission",
    "pk": 39,
    "fields": {
      "name": "Can delete apartment",
      "content_type": 10,
      "codename": "delete_apartment"
    }
  },
  {
    "model": "auth.permission",
    "pk": 40,
    "fields": {
      "name": "Can view apartment",
      "content_type": 10,
      "codename": "view_apartment"
    }
  },
  {
    "model": "auth.user",
    "pk": 1,
    "fields": {
      "password": "pbkdf2_sha256$600000$Y56VaLtDhiE9p5WblPF9xJ$afGHaEpE0RBo4OzdlAEX7b4a094o8MeWJ0BIBQHjOqI=",
      "last_login": "2023-11-21T21:43:31.492Z",
      "is_superuser": true,
      "username": "admin",
      "first_name": "",
      "last_name": "",
      "email": "",
      "is_staff": true,
      "is_active": true,
      "date_joined": "2023-11-21T20:23:58.579Z",
      "groups": [],
      "user_permissions": []
    }
  },
  {
    "model": "contenttypes.contenttype",
    "pk": 1,
    "fields": {
      "app_label": "admin",
      "model": "logentry"
    }
  },
  {
    "model": "contenttypes.contenttype",
    "pk": 2,
    "fields": {
      "app_label": "auth",
      "model": "permission"
    }
  },
  {
    "model": "contenttypes.contenttype",
    "pk": 3,
    "fields": {
      "app_label": "auth",
      "model": "group"
    }
  },
  {
    "model": "contenttypes.contenttype",
    "pk": 4,
    "fields": {
      "app_label": "auth",
      "model": "user"
    }
  },
  {
    "model": "contenttypes.contenttype",
    "pk": 5,
    "fields": {
      "app_label": "contenttypes",
      "model": "contenttype"
    }
  },
  {
    "model": "contenttypes.contenttype",
    "pk": 6,
    "fields": {
      "app_label": "sessions",
      "model": "session"
    }
  },
  {
    "model": "contenttypes.contenttype",
    "pk": 7,
    "fields": {
      "app_label": "complex",
      "model": "company"
    }
  },
  {
    "model": "contenttypes.contenttype",
    "pk": 8,
    "fields": {
      "app_label": "complex",
      "model": "complex"
    }
  },
  {
    "model": "contenttypes.contenttype",
    "pk": 9,
    "fields": {
      "app_label": "complex",
      "model": "compleximage"
    }
  },
  {
    "model": "contenttypes.contenttype",
    "pk": 10,
    "fields": {
      "app_label": "complex",
      "model": "apartment"
    }
  },
  {
    "model": "sessions.session",
    "pk": "118roiistukippw8pht95iaejdgvglbt",
    "fields": {
      "session_data": ".eJxVjDsOwyAQBe9CHSEW802Z3mdAi1mCkwgkY1dR7h5bcpG0b2bemwXc1hK2TkuYE7syYJffLeL0pHqA9MB6b3xqdV3myA-Fn7TzsSV63U7376BgL3stEGSUWghvIJJ1OWZlvVMqG-uAHCidBmtAa5vysBsJtLImK2-QJpTs8wW8DTcm:1r5YBW:5zpW8D3y_vnsEejuNpmawK_b-noFusMn6zkK6qVw_cI",
      "expire_date": "2023-12-05T21:21:30.327Z"
    }
  },
  {
    "model": "sessions.session",
    "pk": "u69ntl6qkypqw4qo7nf222n8w8qz308n",
    "fields": {
      "session_data": ".eJxVjDsOwyAQBe9CHSEW802Z3mdAi1mCkwgkY1dR7h5bcpG0b2bemwXc1hK2TkuYE7syYJffLeL0pHqA9MB6b3xqdV3myA-Fn7TzsSV63U7376BgL3stEGSUWghvIJJ1OWZlvVMqG-uAHCidBmtAa5vysBsJtLImK2-QJpTs8wW8DTcm:1r5YWp:1L_0M-Ndzl05DYp9bVoKgGZDWj3PeP2okP2BzDCF3NE",
      "expire_date": "2023-12-05T21:43:31.496Z"
    }
  },
  {
    "model": "complex.company",
    "pk": 1,
    "fields": {
      "name": "4352345",
      "address": "ewrtwert",
      "Mobile": "asfdas",
      "Mobile_Home": "fgsdfgs",
      "email": "sdfgsdfg@gmail.com",
      "companyweb": "http://house.ge",
      "aboutcompany": "sdfgsdfg",
      "logocompany": "",
      "background_image": "",
      "facebook_page": "https://facebook.com/nodarsvanidze"
    }
  },
  {
    "model": "complex.company",
    "pk": 2,
    "fields": {
      "name": "4352345",
      "address": "ewrtwert",
      "Mobile": "asfdas",
      "Mobile_Home": "fgsdfgs",
      "email": "sdfgsdfg@gmail.com",
      "companyweb": "http://house.ge",
      "aboutcompany": "sdfgsdfg",
      "logocompany": "company_logos/370292841_6851860781595775_1141728310047916964_n.jpg",
      "background_image": "company_background_images/368088282_1620810408447077_4363040853455362460_n.jpg",
      "facebook_page": "https://facebook.com/nodarsvanidze"
    }
  },
  {
    "model": "complex.complex",
    "pk": 1,
    "fields": {
      "company": 1,
      "name": "Green city Complex",
      "address": "tbilisi",
      "price_per_sq_meter": "2000.00",
      "finished": true,
      "space": "1000.00",
      "number_of_apartments": 80,
      "number_of_houses": 100,
      "number_of_floors": 8,
      "phone_number": "555123311",
      "plot_area": "1000.00",
      "type_of_roof": "grunti"
    }
  },
  {
    "model": "complex.complex",
    "pk": 2,
    "fields": {
      "company": 1,
      "name": "Green city Complex",
      "address": "tbilisi",
      "price_per_sq_meter": "2000.00",
      "finished": true,
      "space": "1000.00",
      "number_of_apartments": 80,
      "number_of_houses": 100,
      "number_of_floors": 8,
      "phone_number": "555123311",
      "plot_area": "1000.00",
      "type_of_roof": "grunti"
    }
  },
  {
    "model": "complex.complex",
    "pk": 3,
    "fields": {
      "company": 1,
      "name": "Green city Complex",
      "address": "tbilisi",
      "price_per_sq_meter": "2000.00",
      "finished": true,
      "space": "1000.00",
      "number_of_apartments": 80,
      "number_of_houses": 100,
      "number_of_floors": 8,
      "phone_number": "555123311",
      "plot_area": "1000.00",
      "type_of_roof": "grunti"
    }
  },
  {
    "model": "complex.complex",
    "pk": 4,
    "fields": {
      "company": 1,
      "name": "Green city Complex",
      "address": "tbilisi",
      "price_per_sq_meter": "2000.00",
      "finished": true,
      "space": "1000.00",
      "number_of_apartments": 80,
      "number_of_houses": 100,
      "number_of_floors": 8,
      "phone_number": "555123311",
      "plot_area": "1000.00",
      "type_of_roof": "grunti"
    }
  },
  {
    "model": "complex.complex",
    "pk": 5,
    "fields": {
      "company": 1,
      "name": "Green city Complex",
      "address": "tbilisi",
      "price_per_sq_meter": "2000.00",
      "finished": true,
      "space": "1000.00",
      "number_of_apartments": 80,
      "number_of_houses": 100,
      "number_of_floors": 8,
      "phone_number": "555123311",
      "plot_area": "1000.00",
      "type_of_roof": "grunti"
    }
  },
  {
    "model": "complex.complex",
    "pk": 6,
    "fields": {
      "company": 1,
      "name": "Green city Complex",
      "address": "tbilisi",
      "price_per_sq_meter": "2000.00",
      "finished": true,
      "space": "1000.00",
      "number_of_apartments": 80,
      "number_of_houses": 100,
      "number_of_floors": 8,
      "phone_number": "555123311",
      "plot_area": "1000.00",
      "type_of_roof": "grunti"
    }
  },
  {
    "model": "complex.complex",
    "pk": 7,
    "fields": {
      "company": 1,
      "name": "Green city Complex",
      "address": "tbilisi",
      "price_per_sq_meter": "2000.00",
      "finished": true,
      "space": "1000.00",
      "number_of_apartments": 80,
      "number_of_houses": 100,
      "number_of_floors": 8,
      "phone_number": "555123311",
      "plot_area": "1000.00",
      "type_of_roof": "grunti"
    }
  },
  {
    "model": "complex.complex",
    "pk": 8,
    "fields": {
      "company": 1,
      "name": "Green city Complex",
      "address": "tbilisi",
      "price_per_sq_meter": "2000.00",
      "finished": true,
      "space": "1000.00",
      "number_of_apartments": 80,
      "number_of_houses": 100,
      "number_of_floors": 8,
      "phone_number": "555123311",
      "plot_area": "1000.00",
      "type_of_roof": "grunti"
    }
  },
  {
    "model": "complex.complex",
    "pk": 9,
    "fields": {
      "company": 1,
      "name": "Green city Complex",
      "address": "tbilisi",
      "price_per_sq_meter": "2000.00",
      "finished": true,
      "space": "1000.00",
      "number_of_apartments": 80,
      "number_of_houses": 100,
      "number_of_floors": 8,
      "phone_number": "555123311",
      "plot_area": "1000.00",
      "type_of_roof": "grunti"
    }
  },
  {
    "model": "complex.complex",
    "pk": 10,
    "fields": {
      "company": 1,
      "name": "Green city Complex",
      "address": "tbilisi",
      "price_per_sq_meter": "2000.00",
      "finished": true,
      "space": "1000.00",
      "number_of_apartments": 80,
      "number_of_houses": 100,
      "number_of_floors": 8,
      "phone_number": "555123311",
      "plot_area": "1000.00",
      "type_of_roof": "grunti"
    }
  },
  {
    "model": "complex.complex",
    "pk": 11,
    "fields": {
      "company": 1,
      "name": "Green city Complex",
      "address": "tbilisi",
      "price_per_sq_meter": "2000.00",
      "finished": true,
      "space": "1000.00",
      "number_of_apartments": 80,
      "number_of_houses": 100,
      "number_of_floors": 8,
      "phone_number": "555123311",
      "plot_area": "1000.00",
      "type_of_roof": "grunti"
    }
  },
  {
    "model": "complex.complex",
    "pk": 12,
    "fields": {
      "company": 1,
      "name": "Green city Complex",
      "address": "tbilisi",
      "price_per_sq_meter": "2000.00",
      "finished": true,
      "space": "1000.00",
      "number_of_apartments": 80,
      "number_of_houses": 100,
      "number_of_floors": 8,
      "phone_number": "555123311",
      "plot_area": "1000.00",
      "type_of_roof": "grunti"
    }
  },
  {
    "model": "complex.complex",
    "pk": 13,
    "fields": {
      "company": 1,
      "name": "Green city Complex",
      "address": "tbilisi",
      "price_per_sq_meter": "2000.00",
      "finished": true,
      "space": "1000.00",
      "number_of_apartments": 80,
      "number_of_houses": 100,
      "number_of_floors": 8,
      "phone_number": "555123311",
      "plot_area": "1000.00",
      "type_of_roof": "grunti"
    }
  },
  {
    "model": "complex.complex",
    "pk": 14,
    "fields": {
      "company": 1,
      "name": "Green city Complex",
      "address": "tbilisi",
      "price_per_sq_meter": "2000.00",
      "finished": true,
      "space": "1000.00",
      "number_of_apartments": 80,
      "number_of_houses": 100,
      "number_of_floors": 8,
      "phone_number": "555123311",
      "plot_area": "1000.00",
      "type_of_roof": "grunti"
    }
  },
  {
    "model": "complex.complex",
    "pk": 15,
    "fields": {
      "company": 1,
      "name": "Green city Complex",
      "address": "tbilisi",
      "price_per_sq_meter": "2000.00",
      "finished": true,
      "space": "1000.00",
      "number_of_apartments": 80,
      "number_of_houses": 100,
      "number_of_floors": 8,
      "phone_number": "555123311",
      "plot_area": "1000.00",
      "type_of_roof": "grunti"
    }
  },
  {
    "model": "complex.complex",
    "pk": 16,
    "fields": {
      "company": 1,
      "name": "Green city Complex",
      "address": "tbilisi",
      "price_per_sq_meter": "2000.00",
      "finished": true,
      "space": "1000.00",
      "number_of_apartments": 80,
      "number_of_houses": 100,
      "number_of_floors": 8,
      "phone_number": "555123311",
      "plot_area": "1000.00",
      "type_of_roof": "grunti"
    }
  },
  {
    "model": "complex.complex",
    "pk": 17,
    "fields": {
      "company": 1,
      "name": "Green city Complex",
      "address": "tbilisi",
      "price_per_sq_meter": "2000.00",
      "finished": true,
      "space": "1000.00",
      "number_of_apartments": 80,
      "number_of_houses": 100,
      "number_of_floors": 8,
      "phone_number": "555123311",
      "plot_area": "1000.00",
      "type_of_roof": "grunti"
    }
  },
  {
    "model": "complex.complex",
    "pk": 18,
    "fields": {
      "company": 1,
      "name": "Green city Complex",
      "address": "tbilisi",
      "price_per_sq_meter": "2000.00",
      "finished": true,
      "space": "1000.00",
      "number_of_apartments": 80,
      "number_of_houses": 100,
      "number_of_floors": 8,
      "phone_number": "555123311",
      "plot_area": "1000.00",
      "type_of_roof": "grunti"
    }
  },
  {
    "model": "complex.complex",
    "pk": 19,
    "fields": {
      "company": 1,
      "name": "Green city Complex",
      "address": "tbilisi",
      "price_per_sq_meter": "2000.00",
      "finished": true,
      "space": "1000.00",
      "number_of_apartments": 80,
      "number_of_houses": 100,
      "number_of_floors": 8,
      "phone_number": "555123311",
      "plot_area": "1000.00",
      "type_of_roof": "grunti"
    }
  },
  {
    "model": "complex.complex",
    "pk": 20,
    "fields": {
      "company": 1,
      "name": "Green city Complex",
      "address": "tbilisi",
      "price_per_sq_meter": "2000.00",
      "finished": true,
      "space": "1000.00",
      "number_of_apartments": 80,
      "number_of_houses": 100,
      "number_of_floors": 8,
      "phone_number": "555123311",
      "plot_area": "1000.00",
      "type_of_roof": "grunti"
    }
  },
  {
    "model": "complex.complex",
    "pk": 21,
    "fields": {
      "company": 1,
      "name": "Green city Complex",
      "address": "tbilisi",
      "price_per_sq_meter": "2000.00",
      "finished": true,
      "space": "1000.00",
      "number_of_apartments": 80,
      "number_of_houses": 100,
      "number_of_floors": 8,
      "phone_number": "555123311",
      "plot_area": "1000.00",
      "type_of_roof": "grunti"
    }
  },
  {
    "model": "complex.complex",
    "pk": 22,
    "fields": {
      "company": 1,
      "name": "blue Town",
      "address": "batumi",
      "price_per_sq_meter": "1500.00",
      "finished": false,
      "space": "500.00",
      "number_of_apartments": 100,
      "number_of_houses": 5,
      "number_of_floors": 2,
      "phone_number": "1111111",
      "plot_area": "999.00",
      "type_of_roof": "rr"
    }
  },
  {
    "model": "complex.complex",
    "pk": 23,
    "fields": {
      "company": 1,
      "name": "orange Town",
      "address": "soxumi",
      "price_per_sq_meter": "9000.00",
      "finished": false,
      "space": "30000.00",
      "number_of_apartments": 333,
      "number_of_houses": 12,
      "number_of_floors": 21,
      "phone_number": "11234565432345",
      "plot_area": "120.00",
      "type_of_roof": "tt"
    }
  },
  {
    "model": "complex.compleximage",
    "pk": 1,
    "fields": {
      "complex": 1,
      "image": "complex_images/2.jpg"
    }
  },
  {
    "model": "complex.compleximage",
    "pk": 2,
    "fields": {
      "complex": 2,
      "image": "complex_images/2.jpg"
    }
  },
  {
    "model": "complex.compleximage",
    "pk": 3,
    "fields": {
      "complex": 2,
      "image": "complex_images/2.jpg"
    }
  },
  {
    "model": "complex.compleximage",
    "pk": 4,
    "fields": {
      "complex": 3,
      "image": "complex_images/2.jpg"
    }
  },
  {
    "model": "complex.compleximage",
    "pk": 5,
    "fields": {
      "complex": 4,
      "image": "complex_images/2.jpg"
    }
  },
  {
    "model": "complex.compleximage",
    "pk": 6,
    "fields": {
      "complex": 5,
      "image": "complex_images/2.jpg"
    }
  },
  {
    "model": "complex.compleximage",
    "pk": 7,
    "fields": {
      "complex": 6,
      "image": "complex_images/2.jpg"
    }
  },
  {
    "model": "complex.compleximage",
    "pk": 8,
    "fields": {
      "complex": 7,
      "image": "complex_images/2.jpg"
    }
  },
  {
    "model": "complex.compleximage",
    "pk": 9,
    "fields": {
      "complex": 8,
      "image": "complex_images/2.jpg"
    }
  },
  {
    "model": "complex.compleximage",
    "pk": 10,
    "fields": {
      "complex": 9,
      "image": "complex_images/2.jpg"
    }
  },
  {
    "model": "complex.compleximage",
    "pk": 11,
    "fields": {
      "complex": 10,
      "image": "complex_images/2.jpg"
    }
  },
  {
    "model": "complex.compleximage",
    "pk": 12,
    "fields": {
      "complex": 11,
      "image": "complex_images/2.jpg"
    }
  },
  {
    "model": "complex.compleximage",
    "pk": 13,
    "fields": {
      "complex": 12,
      "image": "complex_images/2.jpg"
    }
  },
  {
    "model": "complex.compleximage",
    "pk": 14,
    "fields": {
      "complex": 13,
      "image": "complex_images/2.jpg"
    }
  },
  {
    "model": "complex.compleximage",
    "pk": 15,
    "fields": {
      "complex": 14,
      "image": "complex_images/2.jpg"
    }
  },
  {
    "model": "complex.compleximage",
    "pk": 16,
    "fields": {
      "complex": 15,
      "image": "complex_images/3.jpg"
    }
  },
  {
    "model": "complex.compleximage",
    "pk": 17,
    "fields": {
      "complex": 16,
      "image": "complex_images/4.jpg"
    }
  },
  {
    "model": "complex.compleximage",
    "pk": 18,
    "fields": {
      "complex": 17,
      "image": "complex_images/2.jpg"
    }
  },
  {
    "model": "complex.compleximage",
    "pk": 19,
    "fields": {
      "complex": 18,
      "image": "complex_images/2.jpg"
    }
  },
  {
    "model": "complex.compleximage",
    "pk": 20,
    "fields": {
      "complex": 19,
      "image": "complex_images/2.jpg"
    }
  },
  {
    "model": "complex.compleximage",
    "pk": 21,
    "fields": {
      "complex": 20,
      "image": "complex_images/2.jpg"
    }
  },
  {
    "model": "complex.compleximage",
    "pk": 22,
    "fields": {
      "complex": 21,
      "image": "complex_images/3.jpg"
    }
  },
  {
    "model": "complex.compleximage",
    "pk": 23,
    "fields": {
      "complex": 22,
      "image": "complex_images/5.jpg"
    }
  },
  {
    "model": "complex.compleximage",
    "pk": 24,
    "fields": {
      "complex": 23,
      "image": "complex_images/backgroundCompany.jpg"
    }
  }
]
